{
    "elmo": {
        "6": {
            "bilstm": {},
            "cnn": {},
            "svm": {
                "l1": {
                    "max": 0.25533596837944667,
                    "min": 0.2624505928853755,
                    "average": 0.2624505928853755
                },
                "l2": {
                    "max": 0.2719367588932806,
                    "min": 0.2766798418972332,
                    "average": 0.2798418972332016
                }
            },
            "logres": {
                "l1": {
                    "max": 0.25533596837944667,
                    "min": 0.2624505928853755,
                    "average": 0.2624505928853755
                },
                "l2": {
                    "max": 0.2719367588932806,
                    "min": 0.2766798418972332,
                    "average": 0.2798418972332016
                }
            },
            "gradientboosting": {
                "max": 0.25138339920948616,
                "min": 0.26403162055335966,
                "average": 0.2490118577075099
            }
        },
        "3": {
            "svm": {
                "l1": {
                    "max": 0.5019762845849802,
                    "min": 0.4956521739130435,
                    "average": 0.5193675889328063
                },
                "l2": {
                    "max": 0.525691699604743,
                    "min": 0.5241106719367589,
                    "average": 0.51699604743083
                }
            },
            "logres": {
                "l1": {
                    "max": 0.5019762845849802,
                    "min": 0.4956521739130435,
                    "average": 0.5193675889328063
                },
                "l2": {
                    "max": 0.525691699604743,
                    "min": 0.5241106719367589,
                    "average": 0.51699604743083
                }
            },
            "gradientboosting": {
                "max": 0.5122529644268775,
                "min": 0.5138339920948617,
                "average": 0.5201581027667984
            }
        },
        "2": {
            "bilstm": {},
            "cnn": {},
            "svm": {},
            "logres": {},
            "gradientboosting": {}
        }
    },
    "gpt": {
        "6": {
            "bilstm": {},
            "cnn": {},
            "svm": {},
            "logres": {},
            "gradientboosting": {}
        },
        "3": {
            "bilstm": {},
            "cnn": {},
            "svm": {},
            "logres": {},
            "gradientboosting": {}
        },
        "2": {
            "bilstm": {},
            "cnn": {},
            "svm": {},
            "logres": {},
            "gradientboosting": {}
        }
    },
    "flair": {
        "6": {
            "bilstm": {},
            "cnn": {},
            "svm": {},
            "logres": {},
            "gradientboosting": {}
        },
        "3": {
            "bilstm": {},
            "cnn": {},
            "svm": {},
            "logres": {},
            "gradientboosting": {}
        },
        "2": {
            "bilstm": {},
            "cnn": {},
            "svm": {},
            "logres": {},
            "gradientboosting": {}
        }
    },
    "bert": {
        "6": {
            "bilstm": {},
            "cnn": {},
            "svm": {},
            "logres": {},
            "gradientboosting": {}
        },
        "3": {
            "bilstm": {},
            "cnn": {},
            "svm": {},
            "logres": {},
            "gradientboosting": {}
        },
        "2": {
            "bilstm": {},
            "cnn": {},
            "svm": {},
            "logres": {},
            "gradientboosting": {}
        }
    },
    "transformerxl": {
        "6": {
            "bilstm": {},
            "cnn": {},
            "svm": {
                "l1": {
                    "max": 0.2450592885375494,
                    "min": 0.2490118577075099,
                    "average": 0.24347826086956523
                },
                "l2": {
                    "max": 0.24426877470355732,
                    "min": 0.23715415019762845,
                    "average": 0.2426877470355731
                }
            },
            "logres": {
                "l1": {
                    "max": 0.2450592885375494,
                    "min": 0.2490118577075099,
                    "average": 0.24347826086956523
                },
                "l2": {
                    "max": 0.24426877470355732,
                    "min": 0.23715415019762845,
                    "average": 0.2426877470355731
                }
            },
            "gradientboosting": {
                "max": 0.24031620553359684,
                "min": 0.23557312252964427,
                "average": 0.23715415019762845
            }
        },
        "3": {
            "bilstm": {},
            "cnn": {},
            "svm": {
                "l1": {
                    "max": 0.4956521739130435,
                    "min": 0.48379446640316204,
                    "average": 0.4956521739130435
                },
                "l2": {
                    "max": 0.49881422924901186,
                    "min": 0.4932806324110672,
                    "average": 0.4893280632411067
                }
            },
            "logres": {
                "l1": {
                    "max": 0.4956521739130435,
                    "min": 0.4932806324110672,
                    "average": 0.4956521739130435
                },
                "l2": {
                    "max": 0.49881422924901186,
                    "min": 0.48379446640316204,
                    "average": 0.4893280632411067
                }
            },
            "gradientboosting": {
                "max": 0.48616600790513836,
                "min": 0.48221343873517786,
                "average": 0.4853754940711462
            }
        },
        "2": {
            "bilstm": {},
            "cnn": {},
            "svm": {},
            "logres": {},
            "gradientboosting": {}
        }
    }
}