{
    "elmo": {
        "6": {
            "bilstm": {},
            "cnn": {},
            "svm": {
                "l1": {
                    "max": 0.25533596837944667,
                    "min": 0.2624505928853755,
                    "average": 0.2624505928853755
                },
                "l2": {
                    "max": 0.2719367588932806,
                    "min": 0.2766798418972332,
                    "average": 0.2798418972332016
                }
            },
            "logres": {
                "l1": {
                    "max": 0.25533596837944667,
                    "min": 0.2624505928853755,
                    "average": 0.2624505928853755
                },
                "l2": {
                    "max": 0.2719367588932806,
                    "min": 0.2766798418972332,
                    "average": 0.2798418972332016
                }
            },
            "gradientboosting": {
                "max": 0.25138339920948616,
                "min": 0.26403162055335966,
                "average": 0.2490118577075099
            }
        },
        "3": {
            "bilstm": {
                "2": [
                    0.4893280635709348,
                    0.4853754944009743,
                    0.49169960476664215,
                    0.4940711466220057,
                    0.4988142296259582
                ],
                "3": [
                    0.5003952572468241,
                    0.49328063243462633,
                    0.5003952572468241,
                    0.5011857710808162,
                    0.49565217424287156
                ],
                "4": [
                    0.49644268812398196,
                    0.5146245063058001,
                    0.4948616604559978,
                    0.5185770754286423,
                    0.5043478261105157
                ],
                "36": [
                    0.5019762849148083,
                    0.5169960477606581,
                    0.49802371574484783,
                    0.5083003955867451,
                    0.49644268807686365
                ]
            },
            "cnn": {
                "2": [
                    0.5035573122765236,
                    0.5027667987488004,
                    0.4893280636180531,
                    0.49249011895402145,
                    0.5011857707745473
                ],
                "3": [
                    0.5035573122765236,
                    0.5035573126299108,
                    0.49328063248174464,
                    0.5003952572939424,
                    0.49565217424287156
                ],
                "4": [
                    0.5011857707745473,
                    0.5019762849619266,
                    0.5043478261105157,
                    0.49723320160458684,
                    0.5035573123236419
                ],
                "36": [
                    0.516205533926666,
                    0.5130434785906977,
                    0.5043478264167846,
                    0.5154150200926739,
                    0.4885375497369427
                ]
            },
            "svm": {
                "l1": {
                    "max": 0.5019762845849802,
                    "min": 0.4956521739130435,
                    "average": 0.5193675889328063
                },
                "l2": {
                    "max": 0.525691699604743,
                    "min": 0.5241106719367589,
                    "average": 0.51699604743083
                }
            },
            "logres": {
                "l1": {
                    "max": 0.5019762845849802,
                    "min": 0.4956521739130435,
                    "average": 0.5193675889328063
                },
                "l2": {
                    "max": 0.525691699604743,
                    "min": 0.5241106719367589,
                    "average": 0.51699604743083
                }
            },
            "gradientboosting": {
                "max": 0.5122529644268775,
                "min": 0.5138339920948617,
                "average": 0.5201581027667984
            }
        },
        "2": {
            "bilstm": {},
            "cnn": {},
            "svm": {},
            "logres": {},
            "gradientboosting": {}
        }
    },
    "gpt": {
        "6": {
            "bilstm": {},
            "cnn": {},
            "svm": {},
            "logres": {},
            "gradientboosting": {}
        },
        "3": {
            "bilstm": {},
            "cnn": {},
            "svm": {
                "l1": {
                    "max": 0.491699604743083,
                    "min": 0,
                    "average": 0
                },
                "l2": {
                    "max": 0.4893280632411067,
                    "min": 0,
                    "average": 0
                }
            },
            "logres": {
                "l1": {
                    "max": 0.491699604743083,
                    "min": 0,
                    "average": 0
                },
                "l2": {
                    "max": 0.4893280632411067,
                    "min": 0,
                    "average": 0
                }
            },
            "gradientboosting": {
                "max": 0,
                "min": 0,
                "average": 0
            }
        },
        "2": {
            "bilstm": {},
            "cnn": {},
            "svm": {},
            "logres": {},
            "gradientboosting": {}
        }
    },
    "flair": {
        "6": {
            "bilstm": {},
            "cnn": {},
            "svm": {},
            "logres": {},
            "gradientboosting": {}
        },
        "3": {
            "bilstm": {},
            "cnn": {},
            "svm": {
                "l1": {
                    "max": 0.524901185770751,
                    "min": 0.509090909090909,
                    "average": 0.508300395256917
                },
                "l2": {
                    "max": 0.525691699604743,
                    "min": 0.5130434782608696,
                    "average": 0.5272727272727272
                }
            },
            "logres": {
                "l1": {
                    "max": 0.524901185770751,
                    "min": 0.509090909090909,
                    "average": 0.508300395256917
                },
                "l2": {
                    "max": 0.525691699604743,
                    "min": 0.5130434782608696,
                    "average": 0.5272727272727272
                }
            },
            "gradientboosting": {
                "max": 0.5027667984189723,
                "min": 0.5098814229249012,
                "average": 0.5130434782608696
            }
        },
        "2": {
            "bilstm": {},
            "cnn": {},
            "svm": {},
            "logres": {},
            "gradientboosting": {}
        }
    },
    "bert": {
        "6": {
            "bilstm": {},
            "cnn": {},
            "svm": {},
            "logres": {},
            "gradientboosting": {}
        },
        "3": {
            "bilstm": {},
            "cnn": {},
            "svm": {
                "l1": {
                    "max": 0.5138339920948617,
                    "min": 0.48774703557312254,
                    "average": 0
                },
                "l2": {
                    "max": 0.5296442687747036,
                    "min": 0.5114624505928854,
                    "average": 0
                }
            },
            "logres": {
                "l1": {
                    "max": 0.5138339920948617,
                    "min": 0,
                    "average": 0
                },
                "l2": {
                    "max": 0.5296442687747036,
                    "min": 0,
                    "average": 0
                }
            },
            "gradientboosting": {
                "max": 0.5019762845849802,
                "min": 0,