{
    "elmo": {
        "6": {
            "bilstm": {},
            "cnn": {},
            "svm": {
                "l1": {
                    "max": [
                        0.25533596837944667,
                        0.25533596837944667,
                        0.25533596837944667,
                        0.25533596837944667,
                        0.25533596837944667
                    ],
                    "min": [
                        0.2624505928853755,
                        0.2624505928853755,
                        0.2624505928853755,
                        0.2624505928853755,
                        0.2624505928853755
                    ],
                    "average": [
                        0.2624505928853755,
                        0.2624505928853755,
                        0.2624505928853755,
                        0.2624505928853755,
                        0.2624505928853755
                    ]
                },
                "l2": {
                    "max": [
                        0.2719367588932806,
                        0.2719367588932806,
                        0.2719367588932806,
                        0.2719367588932806,
                        0.2719367588932806
                    ],
                    "min": [
                        0.2766798418972332,
                        0.2766798418972332,
                        0.2766798418972332,
                        0.2766798418972332,
                        0.2766798418972332
                    ],
                    "average": [
                        0.2798418972332016,
                        0.2798418972332016,
                        0.2798418972332016,
                        0.2798418972332016,
                        0.2798418972332016
                    ]
                }
            },
            "logres": {
                "l1": {
                    "max": [
                        0.25533596837944667,
                        0.25533596837944667,
                        0.25533596837944667,
                        0.25533596837944667,
                        0.25533596837944667
                    ],
                    "min": [
                        0.2624505928853755,
                        0.2624505928853755,
                        0.2624505928853755,
                        0.2624505928853755,
                        0.2624505928853755
                    ],
                    "average": [
                        0.2624505928853755,
                        0.2624505928853755,
                        0.2624505928853755,
                        0.2624505928853755,
                        0.2624505928853755
                    ]
                },
                "l2": {
                    "max": [
                        0.2719367588932806,
                        0.2719367588932806,
                        0.2719367588932806,
                        0.2719367588932806,
                        0.2719367588932806
                    ],
                    "min": [
                        0.2766798418972332,
                        0.2766798418972332,
                        0.2766798418972332,
                        0.2766798418972332,
                        0.2766798418972332
                    ],
                    "average": [
                        0.2798418972332016,
                        0.2798418972332016,
                        0.2798418972332016,
                        0.2798418972332016,
                        0.2798418972332016
                    ]
                }
            },
            "gradientboosting": {
                "max": [
                    0.25138339920948616,
                    0.25138339920948616,
                    0.25138339920948616,
                    0.25138339920948616,
                    0.25138339920948616
                ],
                "min": [
                    0.26403162055335966,
                    0.26403162055335966,
                    0.26403162055335966,
                    0.26403162055335966,
                    0.26403162055335966
                ],
                "average": [
                    0.2490118577075099,
                    0.2490118577075099,
                    0.2490118577075099,
                    0.2490118577075099,
                    0.2490118577075099
                ]
            }
        },
        "3": {
            "bilstm": {},
            "cnn": {},
            "svm": {},
            "logres": {},
            "gradientboosting": {}
        },
        "2": {
            "bilstm": {},
            "cnn": {},
            "svm": {},
            "logres": {},
            "gradientboosting": {}
        }
    },
    "gpt": {
        "6": {
            "bilstm": {},
            "cnn": {},
            "svm": {},
            "logres": {},
            "gradientboosting": {}
        },
        "3": {
            "bilstm": {},
            "cnn": {},
            "svm": {},
            "logres": {},
            "gradientboosting": {}
        },
        "2": {
            "bilstm": {},
            "cnn": {},
            "svm": {},
            "logres": {},
            "gradientboosting": {}
        }
    },
    "flair": {
        "6": {
            "bilstm": {},
            "cnn": {},
            "svm": {},
            "logres": {},
            "gradientboosting": {}
        },
        "3": {
            "bilstm": {},
            "cnn": {},
            "svm": {},
            "logres": {},
            "gradientboosting": {}
        },
        "2": {
            "bilstm": {},
            "cnn": {},
            "svm": {},
            "logres": {},
            "gradientboosting": {}
        }
    },
    "bert": {
        "6": {
            "bilstm": {},
            "cnn": {},
            "svm": {},
            "logres": {},
            "gradientboosting": {}
        },
        "3": {
            "bilstm": {},
            "cnn": {},
            "svm": {},
            "logres": {},
            "gradientboosting": {}
        },
        "2": {
            "bilstm": {},
            "cnn": {},
            "svm": {},
            "logres": {},
            "gradientboosting": {}
        }
    },
    "transformerxl": {
        "6": {
            "bilstm": {},
            "cnn": {},
            "svm": {},
            "logres": {},
            "gradientboosting": {}
        },
        "3": {
            "bilstm": {},
            "cnn": {},
            "svm": {},
            "logres": {},
            "gradientboosting": {}
        },
        "2": {
            "bilstm": {},
            "cnn": {},
            "svm": {},
            "logres": {},
            "gradientboosting": {}
        }
    }
}